"","Individual","New.ID","sire","dam","New_sire","New_dam"
"1","F1_P10_1",1,"Pa_FW4M","Pa_FW4F",1258,1257
"2","F1_P10_10",2,"Pa_FW4M","Pa_FW4F",1258,1257
"3","F1_P10_11",3,"Pa_FW4M","Pa_FW4F",1258,1257
"4","F1_P10_12",4,"Pa_FW4M","Pa_FW4F",1258,1257
"5","F1_P10_13",5,"Pa_FW4M","Pa_FW4F",1258,1257
"6","F1_P10_14",6,"Pa_FW4M","Pa_FW4F",1258,1257
"7","F1_P10_15",7,"Pa_FW4M","Pa_FW4F",1258,1257
"8","F1_P10_16",8,"Pa_FW4M","Pa_FW4F",1258,1257
"9","F1_P10_17",9,"Pa_FW4M","Pa_FW4F",1258,1257
"10","F1_P10_18",10,"Pa_FW4M","Pa_FW4F",1258,1257
"11","F1_P10_19",11,"Pa_FW4M","Pa_FW4F",1258,1257
"12","F1_P10_2",12,"Pa_FW4M","Pa_FW4F",1258,1257
"13","F1_P10_20",13,"Pa_FW4M","Pa_FW4F",1258,1257
"14","F1_P10_21",14,"Pa_FW4M","Pa_FW4F",1258,1257
"15","F1_P10_22",15,"Pa_FW4M","Pa_FW4F",1258,1257
"16","F1_P10_23",16,"Pa_FW4M","Pa_FW4F",1258,1257
"17","F1_P10_24",17,"Pa_FW4M","Pa_FW4F",1258,1257
"18","F1_P10_25",18,"Pa_FW4M","Pa_FW4F",1258,1257
"19","F1_P10_26",19,"Pa_FW4M","Pa_FW4F",1258,1257
"20","F1_P10_27",20,"Pa_FW4M","Pa_FW4F",1258,1257
"21","F1_P10_28",21,"Pa_FW4M","Pa_FW4F",1258,1257
"22","F1_P10_29",22,"Pa_FW4M","Pa_FW4F",1258,1257
"23","F1_P10_3",23,"Pa_FW4M","Pa_FW4F",1258,1257
"24","F1_P10_30",24,"Pa_FW4M","Pa_FW4F",1258,1257
"25","F1_P10_31",25,"Pa_FW4M","Pa_FW4F",1258,1257
"26","F1_P10_4",26,"Pa_FW4M","Pa_FW4F",1258,1257
"27","F1_P10_5",27,"Pa_FW4M","Pa_FW4F",1258,1257
"28","F1_P10_6",28,"Pa_FW4M","Pa_FW4F",1258,1257
"29","F1_P10_7",29,"Pa_FW4M","Pa_FW4F",1258,1257
"30","F1_P10_8",30,"Pa_FW4M","Pa_FW4F",1258,1257
"31","F1_P10_9",31,"Pa_FW4M","Pa_FW4F",1258,1257
"32","F1_P11_1",32,"Pa_FW1M","Pa_FW1F",1254,1253
"33","F1_P11_10",33,"Pa_FW1M","Pa_FW1F",1254,1253
"34","F1_P11_11",34,"Pa_FW1M","Pa_FW1F",1254,1253
"35","F1_P11_12",35,"Pa_FW1M","Pa_FW1F",1254,1253
"36","F1_P11_13",36,"Pa_FW1M","Pa_FW1F",1254,1253
"37","F1_P11_14",37,"Pa_FW1M","Pa_FW1F",1254,1253
"38","F1_P11_15",38,"Pa_FW1M","Pa_FW1F",1254,1253
"39","F1_P11_16",39,"Pa_FW1M","Pa_FW1F",1254,1253
"40","F1_P11_17",40,"Pa_FW1M","Pa_FW1F",1254,1253
"41","F1_P11_18",41,"Pa_FW1M","Pa_FW1F",1254,1253
"42","F1_P11_19",42,"Pa_FW1M","Pa_FW1F",1254,1253
"43","F1_P11_2",43,"Pa_FW1M","Pa_FW1F",1254,1253
"44","F1_P11_20",44,"Pa_FW1M","Pa_FW1F",1254,1253
"45","F1_P11_21",45,"Pa_FW1M","Pa_FW1F",1254,1253
"46","F1_P11_3",46,"Pa_FW1M","Pa_FW1F",1254,1253
"47","F1_P11_4",47,"Pa_FW1M","Pa_FW1F",1254,1253
"48","F1_P11_5",48,"Pa_FW1M","Pa_FW1F",1254,1253
"49","F1_P11_6",49,"Pa_FW1M","Pa_FW1F",1254,1253
"50","F1_P11_7",50,"Pa_FW1M","Pa_FW1F",1254,1253
"51","F1_P11_8",51,"Pa_FW1M","Pa_FW1F",1254,1253
"52","F1_P11_9",52,"Pa_FW1M","Pa_FW1F",1254,1253
"53","F1_P12_1",53,"Pa_FW2M","Pa_FW2F",1256,1255
"54","F1_P12_10",54,"Pa_FW2M","Pa_FW2F",1256,1255
"55","F1_P12_11",55,"Pa_FW2M","Pa_FW2F",1256,1255
"56","F1_P12_12",56,"Pa_FW2M","Pa_FW2F",1256,1255
"57","F1_P12_13",57,"Pa_FW2M","Pa_FW2F",1256,1255
"58","F1_P12_14",58,"Pa_FW2M","Pa_FW2F",1256,1255
"59","F1_P12_15",59,"Pa_FW2M","Pa_FW2F",1256,1255
"60","F1_P12_16",60,"Pa_FW2M","Pa_FW2F",1256,1255
"61","F1_P12_17",61,"Pa_FW2M","Pa_FW2F",1256,1255
"62","F1_P12_18",62,"Pa_FW2M","Pa_FW2F",1256,1255
"63","F1_P12_19",63,"Pa_FW2M","Pa_FW2F",1256,1255
"64","F1_P12_2",64,"Pa_FW2M","Pa_FW2F",1256,1255
"65","F1_P12_20",65,"Pa_FW2M","Pa_FW2F",1256,1255
"66","F1_P12_21",66,"Pa_FW2M","Pa_FW2F",1256,1255
"67","F1_P12_22",67,"Pa_FW2M","Pa_FW2F",1256,1255
"68","F1_P12_23",68,"Pa_FW2M","Pa_FW2F",1256,1255
"69","F1_P12_24",69,"Pa_FW2M","Pa_FW2F",1256,1255
"70","F1_P12_25",70,"Pa_FW2M","Pa_FW2F",1256,1255
"71","F1_P12_26",71,"Pa_FW2M","Pa_FW2F",1256,1255
"72","F1_P12_27",72,"Pa_FW2M","Pa_FW2F",1256,1255
"73","F1_P12_28",73,"Pa_FW2M","Pa_FW2F",1256,1255
"74","F1_P12_29",74,"Pa_FW2M","Pa_FW2F",1256,1255
"75","F1_P12_3",75,"Pa_FW2M","Pa_FW2F",1256,1255
"76","F1_P12_30",76,"Pa_FW2M","Pa_FW2F",1256,1255
"77","F1_P12_4",77,"Pa_FW2M","Pa_FW2F",1256,1255
"78","F1_P12_5",78,"Pa_FW2M","Pa_FW2F",1256,1255
"79","F1_P12_6",79,"Pa_FW2M","Pa_FW2F",1256,1255
"80","F1_P12_7",80,"Pa_FW2M","Pa_FW2F",1256,1255
"81","F1_P12_8",81,"Pa_FW2M","Pa_FW2F",1256,1255
"82","F1_P12_9",82,"Pa_FW2M","Pa_FW2F",1256,1255
"83","F1_P13_1",83,"0","0",NA,NA
"84","F1_P13_10",84,"0","0",NA,NA
"85","F1_P13_11",85,"0","0",NA,NA
"86","F1_P13_12",86,"0","0",NA,NA
"87","F1_P13_13",87,"0","0",NA,NA
"88","F1_P13_14",88,"0","0",NA,NA
"89","F1_P13_15",89,"0","0",NA,NA
"90","F1_P13_16",90,"0","0",NA,NA
"91","F1_P13_17",91,"0","0",NA,NA
"92","F1_P13_18",92,"0","0",NA,NA
"93","F1_P13_19",93,"0","0",NA,NA
"94","F1_P13_2",94,"0","0",NA,NA
"95","F1_P13_20",95,"0","0",NA,NA
"96","F1_P13_21",96,"0","0",NA,NA
"97","F1_P13_22",97,"0","0",NA,NA
"98","F1_P13_23",98,"0","0",NA,NA
"99","F1_P13_24",99,"0","0",NA,NA
"100","F1_P13_25",100,"0","0",NA,NA
"101","F1_P13_26",101,"0","0",NA,NA
"102","F1_P13_27",102,"0","0",NA,NA
"103","F1_P13_28",103,"0","0",NA,NA
"104","F1_P13_29",104,"0","0",NA,NA
"105","F1_P13_3",105,"0","0",NA,NA
"106","F1_P13_30",106,"0","0",NA,NA
"107","F1_P13_31",107,"0","0",NA,NA
"108","F1_P13_4",108,"0","0",NA,NA
"109","F1_P13_5",109,"0","0",NA,NA
"110","F1_P13_6",110,"0","0",NA,NA
"111","F1_P13_7",111,"0","0",NA,NA
"112","F1_P13_8",112,"0","0",NA,NA
"113","F1_P13_9",113,"0","0",NA,NA
"114","F1_P14_1",114,"Pa_FW2M","Pa_FW2F",1256,1255
"115","F1_P14_10",115,"Pa_FW2M","Pa_FW2F",1256,1255
"116","F1_P14_11",116,"Pa_FW2M","Pa_FW2F",1256,1255
"117","F1_P14_12",117,"Pa_FW2M","Pa_FW2F",1256,1255
"118","F1_P14_13",118,"Pa_FW2M","Pa_FW2F",1256,1255
"119","F1_P14_14",119,"Pa_FW2M","Pa_FW2F",1256,1255
"120","F1_P14_15",120,"Pa_FW2M","Pa_FW2F",1256,1255
"121","F1_P14_16",121,"Pa_FW2M","Pa_FW2F",1256,1255
"122","F1_P14_17",122,"Pa_FW2M","Pa_FW2F",1256,1255
"123","F1_P14_18",123,"Pa_FW2M","Pa_FW2F",1256,1255
"124","F1_P14_19",124,"Pa_FW2M","Pa_FW2F",1256,1255
"125","F1_P14_2",125,"Pa_FW2M","Pa_FW2F",1256,1255
"126","F1_P14_20",126,"Pa_FW2M","Pa_FW2F",1256,1255
"127","F1_P14_21",127,"Pa_FW2M","Pa_FW2F",1256,1255
"128","F1_P14_22",128,"Pa_FW2M","Pa_FW2F",1256,1255
"129","F1_P14_23",129,"Pa_FW2M","Pa_FW2F",1256,1255
"130","F1_P14_24",130,"Pa_FW2M","Pa_FW2F",1256,1255
"131","F1_P14_25",131,"Pa_FW2M","Pa_FW2F",1256,1255
"132","F1_P14_26",132,"Pa_FW2M","Pa_FW2F",1256,1255
"133","F1_P14_27",133,"Pa_FW2M","Pa_FW2F",1256,1255
"134","F1_P14_28",134,"Pa_FW2M","Pa_FW2F",1256,1255
"135","F1_P14_29",135,"Pa_FW2M","Pa_FW2F",1256,1255
"136","F1_P14_3",136,"Pa_FW2M","Pa_FW2F",1256,1255
"137","F1_P14_30",137,"Pa_FW2M","Pa_FW2F",1256,1255
"138","F1_P14_4",138,"Pa_FW2M","Pa_FW2F",1256,1255
"139","F1_P14_5",139,"Pa_FW2M","Pa_FW2F",1256,1255
"140","F1_P14_6",140,"Pa_FW2M","Pa_FW2F",1256,1255
"141","F1_P14_7",141,"Pa_FW2M","Pa_FW2F",1256,1255
"142","F1_P14_8",142,"Pa_FW2M","Pa_FW2F",1256,1255
"143","F1_P14_9",143,"Pa_FW2M","Pa_FW2F",1256,1255
"144","F1_P5_1",144,"Pa_FW1M","Pa_FW1F",1254,1253
"145","F1_P5_10",145,"Pa_FW1M","Pa_FW1F",1254,1253
"146","F1_P5_11",146,"Pa_FW1M","Pa_FW1F",1254,1253
"147","F1_P5_12",147,"Pa_FW1M","Pa_FW1F",1254,1253
"148","F1_P5_13",148,"Pa_FW1M","Pa_FW1F",1254,1253
"149","F1_P5_14",149,"Pa_FW1M","Pa_FW1F",1254,1253
"150","F1_P5_15",150,"Pa_FW1M","Pa_FW1F",1254,1253
"151","F1_P5_16",151,"Pa_FW1M","Pa_FW1F",1254,1253
"152","F1_P5_17",152,"Pa_FW1M","Pa_FW1F",1254,1253
"153","F1_P5_18",153,"Pa_FW1M","Pa_FW1F",1254,1253
"154","F1_P5_19",154,"Pa_FW1M","Pa_FW1F",1254,1253
"155","F1_P5_2",155,"Pa_FW1M","Pa_FW1F",1254,1253
"156","F1_P5_20",156,"Pa_FW1M","Pa_FW1F",1254,1253
"157","F1_P5_21",157,"Pa_FW1M","Pa_FW1F",1254,1253
"158","F1_P5_3",158,"Pa_FW1M","Pa_FW1F",1254,1253
"159","F1_P5_4",159,"Pa_FW1M","Pa_FW1F",1254,1253
"160","F1_P5_5",160,"Pa_FW1M","Pa_FW1F",1254,1253
"161","F1_P5_6",161,"Pa_FW1M","Pa_FW1F",1254,1253
"162","F1_P5_7",162,"Pa_FW1M","Pa_FW1F",1254,1253
"163","F1_P5_8",163,"Pa_FW1M","Pa_FW1F",1254,1253
"164","F1_P5_9",164,"Pa_FW1M","Pa_FW1F",1254,1253
"165","F1_P6_1",165,"Pa_FW6M","Pa_FW6F",1260,1259
"166","F1_P6_10",166,"Pa_FW6M","Pa_FW6F",1260,1259
"167","F1_P6_11",167,"Pa_FW6M","Pa_FW6F",1260,1259
"168","F1_P6_12",168,"Pa_FW6M","Pa_FW6F",1260,1259
"169","F1_P6_13",169,"Pa_FW6M","Pa_FW6F",1260,1259
"170","F1_P6_14",170,"Pa_FW6M","Pa_FW6F",1260,1259
"171","F1_P6_15",171,"Pa_FW6M","Pa_FW6F",1260,1259
"172","F1_P6_16",172,"Pa_FW6M","Pa_FW6F",1260,1259
"173","F1_P6_17",173,"Pa_FW6M","Pa_FW6F",1260,1259
"174","F1_P6_18",174,"Pa_FW6M","Pa_FW6F",1260,1259
"175","F1_P6_19",175,"Pa_FW6M","Pa_FW6F",1260,1259
"176","F1_P6_2",176,"Pa_FW6M","Pa_FW6F",1260,1259
"177","F1_P6_20",177,"Pa_FW6M","Pa_FW6F",1260,1259
"178","F1_P6_21",178,"Pa_FW6M","Pa_FW6F",1260,1259
"179","F1_P6_22",179,"Pa_FW6M","Pa_FW6F",1260,1259
"180","F1_P6_23",180,"Pa_FW6M","Pa_FW6F",1260,1259
"181","F1_P6_24",181,"Pa_FW6M","Pa_FW6F",1260,1259
"182","F1_P6_25",182,"Pa_FW6M","Pa_FW6F",1260,1259
"183","F1_P6_26",183,"Pa_FW6M","Pa_FW6F",1260,1259
"184","F1_P6_27",184,"Pa_FW6M","Pa_FW6F",1260,1259
"185","F1_P6_28",185,"Pa_FW6M","Pa_FW6F",1260,1259
"186","F1_P6_3",186,"Pa_FW6M","Pa_FW6F",1260,1259
"187","F1_P6_4",187,"Pa_FW6M","Pa_FW6F",1260,1259
"188","F1_P6_5",188,"Pa_FW6M","Pa_FW6F",1260,1259
"189","F1_P6_6",189,"Pa_FW6M","Pa_FW6F",1260,1259
"190","F1_P6_7",190,"Pa_FW6M","Pa_FW6F",1260,1259
"191","F1_P6_8",191,"Pa_FW6M","Pa_FW6F",1260,1259
"192","F1_P6_9",192,"Pa_FW6M","Pa_FW6F",1260,1259
"193","F1_P7_1",193,"Pa_FW6M","Pa_FW6F",1260,1259
"194","F1_P7_10",194,"Pa_FW6M","Pa_FW6F",1260,1259
"195","F1_P7_11",195,"Pa_FW6M","Pa_FW6F",1260,1259
"196","F1_P7_12",196,"Pa_FW6M","Pa_FW6F",1260,1259
"197","F1_P7_13",197,"Pa_FW6M","Pa_FW6F",1260,1259
"198","F1_P7_14",198,"Pa_FW6M","Pa_FW6F",1260,1259
"199","F1_P7_15",199,"Pa_FW6M","Pa_FW6F",1260,1259
"200","F1_P7_16",200,"Pa_FW6M","Pa_FW6F",1260,1259
"201","F1_P7_17",201,"Pa_FW6M","Pa_FW6F",1260,1259
"202","F1_P7_18",202,"Pa_FW6M","Pa_FW6F",1260,1259
"203","F1_P7_19",203,"Pa_FW6M","Pa_FW6F",1260,1259
"204","F1_P7_2",204,"Pa_FW6M","Pa_FW6F",1260,1259
"205","F1_P7_20",205,"Pa_FW6M","Pa_FW6F",1260,1259
"206","F1_P7_3",206,"Pa_FW6M","Pa_FW6F",1260,1259
"207","F1_P7_4",207,"Pa_FW6M","Pa_FW6F",1260,1259
"208","F1_P7_5",208,"Pa_FW6M","Pa_FW6F",1260,1259
"209","F1_P7_6",209,"Pa_FW6M","Pa_FW6F",1260,1259
"210","F1_P7_7",210,"Pa_FW6M","Pa_FW6F",1260,1259
"211","F1_P7_8",211,"Pa_FW6M","Pa_FW6F",1260,1259
"212","F1_P7_9",212,"Pa_FW6M","Pa_FW6F",1260,1259
"213","F1_P8_1",213,"Pa_FW4M","Pa_FW4F",1258,1257
"214","F1_P8_10",214,"Pa_FW4M","Pa_FW4F",1258,1257
"215","F1_P8_11",215,"Pa_FW4M","Pa_FW4F",1258,1257
"216","F1_P8_12",216,"Pa_FW4M","Pa_FW4F",1258,1257
"217","F1_P8_13",217,"Pa_FW4M","Pa_FW4F",1258,1257
"218","F1_P8_14",218,"Pa_FW4M","Pa_FW4F",1258,1257
"219","F1_P8_15",219,"Pa_FW4M","Pa_FW4F",1258,1257
"220","F1_P8_16",220,"Pa_FW4M","Pa_FW4F",1258,1257
"221","F1_P8_17",221,"Pa_FW4M","Pa_FW4F",1258,1257
"222","F1_P8_18",222,"Pa_FW4M","Pa_FW4F",1258,1257
"223","F1_P8_19",223,"Pa_FW4M","Pa_FW4F",1258,1257
"224","F1_P8_2",224,"Pa_FW4M","Pa_FW4F",1258,1257
"225","F1_P8_20",225,"Pa_FW4M","Pa_FW4F",1258,1257
"226","F1_P8_21",226,"Pa_FW4M","Pa_FW4F",1258,1257
"227","F1_P8_22",227,"Pa_FW4M","Pa_FW4F",1258,1257
"228","F1_P8_23",228,"Pa_FW4M","Pa_FW4F",1258,1257
"229","F1_P8_24",229,"Pa_FW4M","Pa_FW4F",1258,1257
"230","F1_P8_25",230,"Pa_FW4M","Pa_FW4F",1258,1257
"231","F1_P8_26",231,"Pa_FW4M","Pa_FW4F",1258,1257
"232","F1_P8_27",232,"Pa_FW4M","Pa_FW4F",1258,1257
"233","F1_P8_28",233,"Pa_FW4M","Pa_FW4F",1258,1257
"234","F1_P8_29",234,"Pa_FW4M","Pa_FW4F",1258,1257
"235","F1_P8_3",235,"Pa_FW4M","Pa_FW4F",1258,1257
"236","F1_P8_30",236,"Pa_FW4M","Pa_FW4F",1258,1257
"237","F1_P8_31",237,"Pa_FW4M","Pa_FW4F",1258,1257
"238","F1_P8_4",238,"Pa_FW4M","Pa_FW4F",1258,1257
"239","F1_P8_5",239,"Pa_FW4M","Pa_FW4F",1258,1257
"240","F1_P8_6",240,"Pa_FW4M","Pa_FW4F",1258,1257
"241","F1_P8_7",241,"Pa_FW4M","Pa_FW4F",1258,1257
"242","F1_P8_8",242,"Pa_FW4M","Pa_FW4F",1258,1257
"243","F1_P8_9",243,"Pa_FW4M","Pa_FW4F",1258,1257
"244","F1_P9_1",244,"0","0",NA,NA
"245","F1_P9_10",245,"0","0",NA,NA
"246","F1_P9_11",246,"0","0",NA,NA
"247","F1_P9_12",247,"0","0",NA,NA
"248","F1_P9_13",248,"0","0",NA,NA
"249","F1_P9_14",249,"0","0",NA,NA
"250","F1_P9_15",250,"0","0",NA,NA
"251","F1_P9_16",251,"0","0",NA,NA
"252","F1_P9_17",252,"0","0",NA,NA
"253","F1_P9_18",253,"0","0",NA,NA
"254","F1_P9_19",254,"0","0",NA,NA
"255","F1_P9_2",255,"0","0",NA,NA
"256","F1_P9_20",256,"0","0",NA,NA
"257","F1_P9_21",257,"0","0",NA,NA
"258","F1_P9_22",258,"0","0",NA,NA
"259","F1_P9_23",259,"0","0",NA,NA
"260","F1_P9_24",260,"0","0",NA,NA
"261","F1_P9_25",261,"0","0",NA,NA
"262","F1_P9_26",262,"0","0",NA,NA
"263","F1_P9_27",263,"0","0",NA,NA
"264","F1_P9_28",264,"0","0",NA,NA
"265","F1_P9_29",265,"0","0",NA,NA
"266","F1_P9_3",266,"0","0",NA,NA
"267","F1_P9_30",267,"0","0",NA,NA
"268","F1_P9_31",268,"0","0",NA,NA
"269","F1_P9_4",269,"0","0",NA,NA
"270","F1_P9_5",270,"0","0",NA,NA
"271","F1_P9_6",271,"0","0",NA,NA
"272","F1_P9_7",272,"0","0",NA,NA
"273","F1_P9_8",273,"0","0",NA,NA
"274","F1_P9_9",274,"0","0",NA,NA
"275","F2_P10_1",275,"F1_P10_10","F1_P10_11",2,3
"276","F2_P10_10",276,"F1_P10_23","F1_P10_26",16,19
"277","F2_P10_11",277,"F1_P10_23","F1_P10_11",16,3
"278","F2_P10_12",278,"F1_P10_6","F1_P10_7",28,29
"279","F2_P10_13",279,"F1_P10_10","F1_P10_25",2,18
"280","F2_P10_14",280,"F1_P10_9","F1_P10_7",31,29
"281","F2_P10_15",281,"F1_P10_22","F1_P10_7",15,29
"282","F2_P10_16",282,"F1_P10_23","F1_P10_26",16,19
"283","F2_P10_17",283,"F1_P10_16","F1_P10_15",8,7
"284","F2_P10_18",284,"F1_P10_27","F1_P10_26",20,19
"285","F2_P10_19",285,"F1_P10_4","F1_P10_7",26,29
"286","F2_P10_2",286,"F1_P10_10","F1_P10_11",2,3
"287","F2_P10_20",287,"F1_P10_6","F1_P10_25",28,18
"288","F2_P10_21",288,"F1_P10_22","F1_P10_25",15,18
"289","F2_P10_22",289,"F1_P10_20","F1_P10_26",13,19
"290","F2_P10_23",290,"F1_P10_3","F1_P10_26",23,19
"291","F2_P10_24",291,"F1_P10_16","F1_P10_26",8,19
"292","F2_P10_25",292,"F1_P10_16","F1_P10_26",8,19
"293","F2_P10_26",293,"F1_P10_20","F1_P10_25",13,18
"294","F2_P10_27",294,"F1_P10_8","F1_P10_24",30,17
"295","F2_P10_28",295,"F1_P10_16","F1_P10_7",8,29
"296","F2_P10_29",296,"F1_P10_9","F1_P10_7",31,29
"297","F2_P10_3",297,"F1_P10_23","F1_P10_25",16,18
"298","F2_P10_30",298,"F1_P10_16","F1_P10_30",8,24
"299","F2_P10_31",299,"F1_P10_2","F1_P10_7",12,29
"300","F2_P10_32",300,"F1_P10_10","F1_P10_25",2,18
"301","F2_P10_33",301,"F1_P10_16","F1_P10_15",8,7
"302","F2_P10_34",302,"F1_P10_10","F1_P10_15",2,7
"303","F2_P10_35",303,"F1_P10_23","F1_P10_7",16,29
"304","F2_P10_36",304,"F1_P10_10","F1_P10_31",2,25
"305","F2_P10_37",305,"F1_P10_10","F1_P10_26",2,19
"306","F2_P10_38",306,"F1_P10_16","F1_P10_26",8,19
"307","F2_P10_39",307,"F1_P10_16","F1_P10_30",8,24
"308","F2_P10_4",308,"F1_P10_6","F1_P10_26",28,19
"309","F2_P10_40",309,"F1_P10_23","F1_P10_26",16,19
"310","F2_P10_41",310,"F1_P10_6","F1_P10_26",28,19
"311","F2_P10_42",311,"F1_P10_10","F1_P10_30",2,24
"312","F2_P10_43",312,"F1_P10_23","F1_P10_25",16,18
"313","F2_P10_44",313,"F1_P10_10","F1_P10_25",2,18
"314","F2_P10_45",314,"F1_P10_23","F1_P10_5",16,27
"315","F2_P10_46",315,"F1_P10_23","F1_P10_11",16,3
"316","F2_P10_47",316,"F1_P10_8","F1_P10_30",30,24
"317","F2_P10_48",317,"F1_P10_23","F1_P10_11",16,3
"318","F2_P10_49",318,"F1_P10_23","F1_P10_24",16,17
"319","F2_P10_5",319,"F1_P10_27","F1_P10_26",20,19
"320","F2_P10_50",320,"F1_P10_27","F1_P10_26",20,19
"321","F2_P10_6",321,"F1_P10_29","F1_P10_5",22,27
"322","F2_P10_7",322,"F1_P10_10","F1_P10_11",2,3
"323","F2_P10_8",323,"F1_P10_10","F1_P10_11",2,3
"324","F2_P10_9",324,"F1_P10_23","F1_P10_11",16,3
"325","F2_P11_1",325,"F1_P11_17","F1_P11_14",40,37
"326","F2_P11_10",326,"F1_P11_17","F1_P11_9",40,52
"327","F2_P11_11",327,"F1_P11_16","F1_P11_6",39,49
"328","F2_P11_12",328,"F1_P11_17","F1_P11_8",40,51
"329","F2_P11_13",329,"F1_P11_19","F1_P11_4",42,47
"330","F2_P11_14",330,"F1_P11_19","F1_P11_14",42,37
"331","F2_P11_15",331,"F1_P11_17","F1_P11_9",40,52
"332","F2_P11_16",332,"F1_P11_17","F1_P11_7",40,50
"333","F2_P11_17",333,"F1_P11_18","F1_P11_4",41,47
"334","F2_P11_18",334,"F1_P11_2","F1_P11_5",43,48
"335","F2_P11_19",335,"F1_P11_18","F1_P11_9",41,52
"336","F2_P11_2",336,"F1_P11_19","F1_P11_11",42,34
"337","F2_P11_20",337,"F1_P11_16","F1_P11_1",39,32
"338","F2_P11_21",338,"F1_P11_18","F1_P11_13",41,36
"339","F2_P11_22",339,"F1_P11_16","F1_P11_13",39,36
"340","F2_P11_23",340,"F1_P11_20","F1_P11_7",44,50
"341","F2_P11_24",341,"F1_P11_3","F1_P11_4",46,47
"342","F2_P11_25",342,"F1_P11_16","F1_P11_1",39,32
"343","F2_P11_26",343,"F1_P11_16","F1_P11_4",39,47
"344","F2_P11_27",344,"F1_P11_19","F1_P11_1",42,32
"345","F2_P11_28",345,"F1_P11_2","F1_P11_5",43,48
"346","F2_P11_29",346,"F1_P11_20","F1_P11_9",44,52
"347","F2_P11_3",347,"F1_P11_17","F1_P11_8",40,51
"348","F2_P11_30",348,"F1_P11_17","F1_P11_13",40,36
"349","F2_P11_31",349,"F1_P11_16","F1_P11_4",39,47
"350","F2_P11_32",350,"F1_P11_16","F1_P11_1",39,32
"351","F2_P11_33",351,"F1_P11_3","F1_P11_4",46,47
"352","F2_P11_34",352,"F1_P11_18","F1_P11_5",41,48
"353","F2_P11_35",353,"F1_P11_18","F1_P11_5",41,48
"354","F2_P11_36",354,"F1_P11_3","F1_P11_8",46,51
"355","F2_P11_37",355,"F1_P11_20","F1_P11_11",44,34
"356","F2_P11_38",356,"F1_P11_19","F1_P11_4",42,47
"357","F2_P11_39",357,"F1_P11_16","F1_P11_1",39,32
"358","F2_P11_4",358,"F1_P11_16","F1_P11_6",39,49
"359","F2_P11_40",359,"F1_P11_16","F1_P11_7",39,50
"360","F2_P11_41",360,NA,NA,NA,NA
"361","F2_P11_42",361,"F1_P11_2","F1_P11_4",43,47
"362","F2_P11_43",362,"F1_P11_16","F1_P11_8",39,51
"363","F2_P11_44",363,"F1_P11_16","F1_P11_13",39,36
"364","F2_P11_45",364,"F1_P11_17","F1_P11_8",40,51
"365","F2_P11_46",365,"F1_P11_16","F1_P11_6",39,49
"366","F2_P11_47",366,"F1_P11_19","F1_P11_4",42,47
"367","F2_P11_48",367,"F1_P11_19","F1_P11_14",42,37
"368","F2_P11_49",368,"F1_P11_16","F1_P11_4",39,47
"369","F2_P11_5",369,"F1_P11_16","F1_P11_11",39,34
"370","F2_P11_50",370,"F1_P11_16","F1_P11_6",39,49
"371","F2_P11_6",371,"F1_P11_17","F1_P11_13",40,36
"372","F2_P11_7",372,"F1_P11_16","F1_P11_7",39,50
"373","F2_P11_8",373,"F1_P11_16","F1_P11_7",39,50
"374","F2_P11_9",374,"F1_P11_16","F1_P11_6",39,49
"375","F2_P12_1",375,"F1_P12_5","F1_P12_10",78,54
"376","F2_P12_10",376,"F1_P12_5","F1_P12_10",78,54
"377","F2_P12_11",377,"F1_P12_14","F1_P12_1",58,53
"378","F2_P12_12",378,"F1_P12_5","F1_P12_20",78,65
"379","F2_P12_13",379,"F1_P12_17","F1_P12_2",61,64
"380","F2_P12_14",380,"F1_P12_5","F1_P12_23",78,68
"381","F2_P12_15",381,"F1_P12_27","F1_P12_8",72,81
"382","F2_P12_16",382,"F1_P12_17","F1_P12_10",61,54
"383","F2_P12_17",383,"F1_P12_5","F1_P12_20",78,65
"384","F2_P12_18",384,"F1_P12_29","F1_P12_23",74,68
"385","F2_P12_19",385,"F1_P12_25","F1_P12_4",70,77
"386","F2_P12_2",386,"F1_P12_5","F1_P12_2",78,64
"387","F2_P12_20",387,"F1_P12_27","F1_P12_8",72,81
"388","F2_P12_21",388,"F1_P12_29","F1_P12_26",74,71
"389","F2_P12_22",389,"F1_P12_27","F1_P12_1",72,53
"390","F2_P12_23",390,"F1_P12_27","F1_P12_11",72,55
"391","F2_P12_24",391,"F1_P12_14","F1_P12_23",58,68
"392","F2_P12_25",392,"F1_P12_27","F1_P12_3",72,75
"393","F2_P12_26",393,"F1_P12_5","F1_P12_15",78,59
"394","F2_P12_27",394,"F1_P12_5","F1_P12_10",78,54
"395","F2_P12_28",395,"F1_P12_29","F1_P12_15",74,59
"396","F2_P12_29",396,"F1_P12_14","F1_P12_3",58,75
"397","F2_P12_3",397,"F1_P12_17","F1_P12_10",61,54
"398","F2_P12_30",398,"F1_P12_14","F1_P12_3",58,75
"399","F2_P12_31",399,"F1_P12_27","F1_P12_2",72,64
"400","F2_P12_32",400,"F1_P12_5","F1_P12_10",78,54
"401","F2_P12_33",401,"F1_P12_29","F1_P12_20",74,65
"402","F2_P12_34",402,"F1_P12_25","F1_P12_4",70,77
"403","F2_P12_35",403,"F1_P12_27","F1_P12_21",72,66
"404","F2_P12_36",404,"F1_P12_5","F1_P12_15",78,59
"405","F2_P12_37",405,"F1_P12_27","F1_P12_8",72,81
"406","F2_P12_38",406,"F1_P12_14","F1_P12_12",58,56
"407","F2_P12_39",407,"F1_P12_29","F1_P12_4",74,77
"408","F2_P12_4",408,"F1_P12_14","F1_P12_3",58,75
"409","F2_P12_40",409,"F1_P12_29","F1_P12_20",74,65
"410","F2_P12_41",410,"F1_P12_25","F1_P12_26",70,71
"411","F2_P12_42",411,"F1_P12_27","F1_P12_1",72,53
"412","F2_P12_43",412,"F1_P12_5","F1_P12_19",78,63
"413","F2_P12_44",413,"F1_P12_6","F1_P12_20",79,65
"414","F2_P12_45",414,"F1_P12_6","F1_P12_3",79,75
"415","F2_P12_46",415,"F1_P12_25","F1_P12_15",70,59
"416","F2_P12_47",416,"F1_P12_6","F1_P12_3",79,75
"417","F2_P12_48",417,"F1_P12_27","F1_P12_8",72,81
"418","F2_P12_49",418,"F1_P12_25","F1_P12_8",70,81
"419","F2_P12_5",419,"F1_P12_14","F1_P12_3",58,75
"420","F2_P12_50",420,"F1_P12_17","F1_P12_21",61,66
"421","F2_P12_6",421,"F1_P12_25","F1_P12_4",70,77
"422","F2_P12_7",422,"F1_P12_5","F1_P12_10",78,54
"423","F2_P12_8",423,"F1_P12_27","F1_P12_16",72,60
"424","F2_P12_9",424,"F1_P12_5","F1_P12_20",78,65
"425","F2_P13_1",425,"F1_P13_15","F1_P13_23",89,98
"426","F2_P13_10",426,"F1_P13_15","F1_P13_1",89,83
"427","F2_P13_11",427,"F1_P13_15","F1_P13_12",89,86
"428","F2_P13_12",428,"F1_P13_15","F1_P13_18",89,92
"429","F2_P13_13",429,"F1_P13_15","F1_P13_3",89,105
"430","F2_P13_14",430,"F1_P13_15","F1_P13_18",89,92
"431","F2_P13_15",431,"F1_P13_15","F1_P13_4",89,108
"432","F2_P13_16",432,"F1_P13_15","F1_P13_12",89,86
"433","F2_P13_17",433,"F1_P13_15","F1_P13_21",89,96
"434","F2_P13_18",434,"F1_P13_15","F1_P13_12",89,86
"435","F2_P13_19",435,"F1_P13_15","F1_P13_1",89,83
"436","F2_P13_2",436,"F1_P13_15","F1_P13_23",89,98
"437","F2_P13_20",437,"F1_P13_15","F1_P13_18",89,92
"438","F2_P13_21",438,"F1_P13_15","F1_P13_12",89,86
"439","F2_P13_22",439,"F1_P13_15","F1_P13_1",89,83
"440","F2_P13_23",440,"F1_P13_15","F1_P13_4",89,108
"441","F2_P13_24",441,"F1_P13_15","F1_P13_18",89,92
"442","F2_P13_25",442,"F1_P13_15","F1_P13_4",89,108
"443","F2_P13_26",443,"F1_P13_15","F1_P13_3",89,105
"444","F2_P13_27",444,"F1_P13_15","F1_P13_3",89,105
"445","F2_P13_28",445,"F1_P13_15","F1_P13_3",89,105
"446","F2_P13_29",446,"F1_P13_15","F1_P13_12",89,86
"447","F2_P13_3",447,"F1_P13_15","F1_P13_3",89,105
"448","F2_P13_30",448,"F1_P13_15","F1_P13_4",89,108
"449","F2_P13_31",449,"F1_P13_15","F1_P13_1",89,83
"450","F2_P13_32",450,"F1_P13_15","F1_P13_1",89,83
"451","F2_P13_33",451,"F1_P13_15","F1_P13_12",89,86
"452","F2_P13_34",452,"F1_P13_15","F1_P13_4",89,108
"453","F2_P13_35",453,"F1_P13_15","F1_P13_1",89,83
"454","F2_P13_36",454,"F1_P13_15","F1_P13_6",89,110
"455","F2_P13_37",455,"F1_P13_15","F1_P13_21",89,96
"456","F2_P13_38",456,"F1_P13_15","F1_P13_3",89,105
"457","F2_P13_39",457,"F1_P13_15","F1_P13_14",89,88
"458","F2_P13_4",458,"F1_P13_15","F1_P13_18",89,92
"459","F2_P13_40",459,"F1_P13_15","F1_P13_3",89,105
"460","F2_P13_41",460,"F1_P13_15","F1_P13_6",89,110
"461","F2_P13_42",461,"F1_P13_15","F1_P13_1",89,83
"462","F2_P13_43",462,"F1_P13_15","F1_P13_14",89,88
"463","F2_P13_44",463,"F1_P13_15","F1_P13_3",89,105
"464","F2_P13_45",464,"F1_P13_15","F1_P13_1",89,83
"465","F2_P13_46",465,"F1_P13_15","F1_P13_4",89,108
"466","F2_P13_47",466,"F1_P13_15","F1_P13_18",89,92
"467","F2_P13_48",467,"F1_P13_15","F1_P13_6",89,110
"468","F2_P13_49",468,"F1_P13_15","F1_P13_19",89,93
"469","F2_P13_5",469,"F1_P13_15","F1_P13_3",89,105
"470","F2_P13_50",470,"F1_P13_15","F1_P13_18",89,92
"471","F2_P13_6",471,"F1_P13_15","F1_P13_26",89,101
"472","F2_P13_7",472,"F1_P13_15","F1_P13_18",89,92
"473","F2_P13_8",473,"F1_P13_15","F1_P13_18",89,92
"474","F2_P13_9",474,"F1_P13_15","F1_P13_4",89,108
"475","F2_P14_1",475,"F1_P14_20","F1_P14_1",126,114
"476","F2_P14_10",476,"F1_P14_25","F1_P14_1",131,114
"477","F2_P14_11",477,"F1_P14_27","F1_P14_18",133,123
"478","F2_P14_12",478,"F1_P14_27","F1_P14_12",133,117
"479","F2_P14_13",479,"F1_P14_7","F1_P14_17",141,122
"480","F2_P14_14",480,"F1_P14_6","F1_P14_24",140,130
"481","F2_P14_15",481,"F1_P14_22","F1_P14_15",128,120
"482","F2_P14_16",482,"F1_P14_20","F1_P14_12",126,117
"483","F2_P14_17",483,"F1_P14_27","F1_P14_1",133,114
"484","F2_P14_18",484,"F1_P14_21","F1_P14_13",127,118
"485","F2_P14_19",485,"F1_P14_6","F1_P14_12",140,117
"486","F2_P14_2",486,"F1_P14_20","F1_P14_5",126,139
"487","F2_P14_20",487,"F1_P14_25","F1_P14_14",131,119
"488","F2_P14_21",488,"F1_P14_25","F1_P14_29",131,135
"489","F2_P14_22",489,"F1_P14_25","F1_P14_15",131,120
"490","F2_P14_23",490,"F1_P14_19","F1_P14_12",124,117
"491","F2_P14_24",491,"F1_P14_27","F1_P14_29",133,135
"492","F2_P14_25",492,"F1_P14_19","F1_P14_18",124,123
"493","F2_P14_26",493,"F1_P14_25","F1_P14_17",131,122
"494","F2_P14_27",494,"F1_P14_6","F1_P14_18",140,123
"495","F2_P14_28",495,"F1_P14_8","F1_P14_29",142,135
"496","F2_P14_29",496,"F1_P14_20","F1_P14_17",126,122
"497","F2_P14_3",497,"F1_P14_8","F1_P14_5",142,139
"498","F2_P14_30",498,"F1_P14_7","F1_P14_17",141,122
"499","F2_P14_31",499,"F1_P14_8","F1_P14_29",142,135
"500","F2_P14_32",500,"F1_P14_3","F1_P14_24",136,130
"501","F2_P14_33",501,"F1_P14_9","F1_P14_30",143,137
"502","F2_P14_34",502,"F1_P14_6","F1_P14_15",140,120
"503","F2_P14_35",503,"F1_P14_27","F1_P14_18",133,123
"504","F2_P14_36",504,"F1_P14_28","F1_P14_30",134,137
"505","F2_P14_37",505,"F1_P14_8","F1_P14_17",142,122
"506","F2_P14_38",506,"F1_P14_27","F1_P14_1",133,114
"507","F2_P14_39",507,"F1_P14_26","F1_P14_30",132,137
"508","F2_P14_4",508,"F1_P14_20","F1_P14_1",126,114
"509","F2_P14_40",509,"F1_P14_21","F1_P14_24",127,130
"510","F2_P14_41",510,"F1_P14_3","F1_P14_18",136,123
"511","F2_P14_42",511,"F1_P14_7","F1_P14_13",141,118
"512","F2_P14_43",512,"F1_P14_23","F1_P14_11",129,116
"513","F2_P14_44",513,"F1_P14_27","F1_P14_12",133,117
"514","F2_P14_45",514,"F1_P14_6","F1_P14_5",140,139
"515","F2_P14_46",515,"F1_P14_28","F1_P14_13",134,118
"516","F2_P14_47",516,"F1_P14_26","F1_P14_14",132,119
"517","F2_P14_48",517,"F1_P14_28","F1_P14_4",134,138
"518","F2_P14_49",518,"F1_P14_22","F1_P14_1",128,114
"519","F2_P14_5",519,"F1_P14_20","F1_P14_30",126,137
"520","F2_P14_50",520,"F1_P14_20","F1_P14_1",126,114
"521","F2_P14_6",521,"F1_P14_20","F1_P14_5",126,139
"522","F2_P14_7",522,"F1_P14_20","F1_P14_12",126,117
"523","F2_P14_8",523,"F1_P14_7","F1_P14_12",141,117
"524","F2_P14_9",524,"F1_P14_22","F1_P14_1",128,114
"525","F2_P5_1",525,"F1_P5_21","F1_P5_17",157,152
"526","F2_P5_10",526,"F1_P5_10","F1_P5_17",145,152
"527","F2_P5_11",527,"F1_P5_10","F1_P5_2",145,155
"528","F2_P5_12",528,"F1_P5_5","F1_P5_15",160,150
"529","F2_P5_13",529,"F1_P5_5","F1_P5_2",160,155
"530","F2_P5_14",530,"F1_P5_21","F1_P5_4",157,159
"531","F2_P5_15",531,"F1_P5_5","F1_P5_12",160,147
"532","F2_P5_16",532,"F1_P5_10","F1_P5_16",145,151
"533","F2_P5_17",533,"F1_P5_5","F1_P5_17",160,152
"534","F2_P5_18",534,"F1_P5_5","F1_P5_17",160,152
"535","F2_P5_19",535,"F1_P5_21","F1_P5_12",157,147
"536","F2_P5_2",536,"F1_P5_10","F1_P5_4",145,159
"537","F2_P5_20",537,"F1_P5_5","F1_P5_14",160,149
"538","F2_P5_21",538,"F1_P5_1","F1_P5_14",144,149
"539","F2_P5_22",539,"F1_P5_10","F1_P5_6",145,161
"540","F2_P5_23",540,"F1_P5_5","F1_P5_20",160,156
"541","F2_P5_24",541,"F1_P5_21","F1_P5_6",157,161
"542","F2_P5_25",542,"F1_P5_11","F1_P5_8",146,163
"543","F2_P5_26",543,"F1_P5_1","F1_P5_14",144,149
"544","F2_P5_27",544,"F1_P5_11","F1_P5_8",146,163
"545","F2_P5_28",545,"F1_P5_11","F1_P5_14",146,149
"546","F2_P5_29",546,"F1_P5_10","F1_P5_18",145,153
"547","F2_P5_3",547,"F1_P5_21","F1_P5_14",157,149
"548","F2_P5_30",548,"F1_P5_1","F1_P5_9",144,164
"549","F2_P5_31",549,"F1_P5_10","F1_P5_9",145,164
"550","F2_P5_32",550,"F1_P5_10","F1_P5_13",145,148
"551","F2_P5_33",551,"F1_P5_11","F1_P5_18",146,153
"552","F2_P5_34",552,"F1_P5_19","F1_P5_3",154,158
"553","F2_P5_35",553,"F1_P5_5","F1_P5_9",160,164
"554","F2_P5_36",554,"F1_P5_10","F1_P5_9",145,164
"555","F2_P5_37",555,"F1_P5_10","F1_P5_6",145,161
"556","F2_P5_38",556,"F1_P5_5","F1_P5_2",160,155
"557","F2_P5_39",557,"F1_P5_10","F1_P5_9",145,164
"558","F2_P5_4",558,"F1_P5_10","F1_P5_15",145,150
"559","F2_P5_40",559,"F1_P5_21","F1_P5_12",157,147
"560","F2_P5_41",560,"F1_P5_10","F1_P5_9",145,164
"561","F2_P5_42",561,"F1_P5_21","F1_P5_12",157,147
"562","F2_P5_43",562,"F1_P5_10","F1_P5_3",145,158
"563","F2_P5_44",563,"F1_P5_5","F1_P5_3",160,158
"564","F2_P5_45",564,"F1_P5_5","F1_P5_7",160,162
"565","F2_P5_46",565,"F1_P5_21","F1_P5_17",157,152
"566","F2_P5_47",566,"F1_P5_11","F1_P5_18",146,153
"567","F2_P5_48",567,"F1_P5_10","F1_P5_9",145,164
"568","F2_P5_49",568,"F1_P5_10","F1_P5_2",145,155
"569","F2_P5_5",569,"F1_P5_19","F1_P5_3",154,158
"570","F2_P5_50",570,"F1_P5_10","F1_P5_2",145,155
"571","F2_P5_6",571,"F1_P5_10","F1_P5_2",145,155
"572","F2_P5_7",572,"F1_P5_10","F1_P5_2",145,155
"573","F2_P5_8",573,"F1_P5_21","F1_P5_15",157,150
"574","F2_P5_9",574,"F1_P5_11","F1_P5_9",146,164
"575","F2_P6_1",575,"F1_P6_2","F1_P6_11",176,167
"576","F2_P6_10",576,"F1_P6_22","F1_P6_24",179,181
"577","F2_P6_11",577,"F1_P6_18","F1_P6_6",174,189
"578","F2_P6_12",578,"F1_P6_17","F1_P6_26",173,183
"579","F2_P6_13",579,"F1_P6_25","F1_P6_3",182,186
"580","F2_P6_14",580,"F1_P6_25","F1_P6_3",182,186
"581","F2_P6_15",581,"F1_P6_25","F1_P6_11",182,167
"582","F2_P6_16",582,"F1_P6_25","F1_P6_6",182,189
"583","F2_P6_17",583,"F1_P6_25","F1_P6_11",182,167
"584","F2_P6_18",584,"F1_P6_22","F1_P6_23",179,180
"585","F2_P6_19",585,"F1_P6_28","F1_P6_6",185,189
"586","F2_P6_2",586,"F1_P6_25","F1_P6_26",182,183
"587","F2_P6_20",587,"F1_P6_17","F1_P6_11",173,167
"588","F2_P6_21",588,"F1_P6_22","F1_P6_24",179,181
"589","F2_P6_22",589,"F1_P6_17","F1_P6_23",173,180
"590","F2_P6_23",590,"F1_P6_22","F1_P6_20",179,177
"591","F2_P6_24",591,"F1_P6_25","F1_P6_11",182,167
"592","F2_P6_25",592,"F1_P6_4","F1_P6_12",187,168
"593","F2_P6_26",593,"F1_P6_2","F1_P6_11",176,167
"594","F2_P6_27",594,"F1_P6_17","F1_P6_11",173,167
"595","F2_P6_28",595,"F1_P6_25","F1_P6_6",182,189
"596","F2_P6_29",596,"F1_P6_4","F1_P6_26",187,183
"597","F2_P6_3",597,"F1_P6_18","F1_P6_26",174,183
"598","F2_P6_30",598,"F1_P6_2","F1_P6_24",176,181
"599","F2_P6_31",599,"F1_P6_25","F1_P6_11",182,167
"600","F2_P6_32",600,"F1_P6_4","F1_P6_11",187,167
"601","F2_P6_33",601,"F1_P6_25","F1_P6_11",182,167
"602","F2_P6_34",602,"F1_P6_2","F1_P6_27",176,184
"603","F2_P6_35",603,"F1_P6_18","F1_P6_6",174,189
"604","F2_P6_36",604,"F1_P6_25","F1_P6_6",182,189
"605","F2_P6_37",605,"F1_P6_2","F1_P6_6",176,189
"606","F2_P6_38",606,"F1_P6_25","F1_P6_6",182,189
"607","F2_P6_39",607,"F1_P6_25","F1_P6_5",182,188
"608","F2_P6_4",608,"F1_P6_25","F1_P6_10",182,166
"609","F2_P6_40",609,"F1_P6_25","F1_P6_19",182,175
"610","F2_P6_41",610,"F1_P6_18","F1_P6_20",174,177
"611","F2_P6_42",611,"F1_P6_25","F1_P6_19",182,175
"612","F2_P6_43",612,"F1_P6_2","F1_P6_26",176,183
"613","F2_P6_44",613,"F1_P6_25","F1_P6_11",182,167
"614","F2_P6_45",614,"F1_P6_25","F1_P6_6",182,189
"615","F2_P6_46",615,"F1_P6_25","F1_P6_26",182,183
"616","F2_P6_47",616,"F1_P6_25","F1_P6_19",182,175
"617","F2_P6_48",617,"F1_P6_25","F1_P6_3",182,186
"618","F2_P6_49",618,"F1_P6_25","F1_P6_12",182,168
"619","F2_P6_5",619,"F1_P6_25","F1_P6_6",182,189
"620","F2_P6_50",620,"F1_P6_25","F1_P6_8",182,191
"621","F2_P6_6",621,"F1_P6_25","F1_P6_20",182,177
"622","F2_P6_7",622,"F1_P6_17","F1_P6_12",173,168
"623","F2_P6_8",623,"F1_P6_2","F1_P6_24",176,181
"624","F2_P6_9",624,"F1_P6_9","F1_P6_3",192,186
"625","F2_P7_1",625,"F1_P7_5","F1_P7_17",208,201
"626","F2_P7_10",626,"F1_P7_13","F1_P7_1",197,193
"627","F2_P7_11",627,"F1_P7_18","F1_P7_17",202,201
"628","F2_P7_12",628,"F1_P7_8","F1_P7_17",211,201
"629","F2_P7_13",629,"F1_P7_13","F1_P7_17",197,201
"630","F2_P7_14",630,"F1_P7_3","F1_P7_17",206,201
"631","F2_P7_15",631,"F1_P7_13","F1_P7_15",197,199
"632","F2_P7_16",632,"F1_P7_13","F1_P7_17",197,201
"633","F2_P7_17",633,"F1_P7_3","F1_P7_4",206,207
"634","F2_P7_18",634,"F1_P7_8","F1_P7_17",211,201
"635","F2_P7_19",635,"F1_P7_3","F1_P7_15",206,199
"636","F2_P7_2",636,"F1_P7_14","F1_P7_15",198,199
"637","F2_P7_20",637,"F1_P7_13","F1_P7_10",197,194
"638","F2_P7_21",638,"F1_P7_9","F1_P7_17",212,201
"639","F2_P7_22",639,"F1_P7_13","F1_P7_17",197,201
"640","F2_P7_23",640,"F1_P7_5","F1_P7_1",208,193
"641","F2_P7_24",641,"F1_P7_3","F1_P7_17",206,201
"642","F2_P7_25",642,"F1_P7_13","F1_P7_17",197,201
"643","F2_P7_26",643,"F1_P7_3","F1_P7_17",206,201
"644","F2_P7_27",644,"F1_P7_13","F1_P7_12",197,196
"645","F2_P7_28",645,"F1_P7_3","F1_P7_17",206,201
"646","F2_P7_29",646,"F1_P7_18","F1_P7_17",202,201
"647","F2_P7_3",647,"F1_P7_13","F1_P7_15",197,199
"648","F2_P7_30",648,"F1_P7_13","F1_P7_20",197,205
"649","F2_P7_31",649,"F1_P7_13","F1_P7_12",197,196
"650","F2_P7_32",650,"F1_P7_13","F1_P7_15",197,199
"651","F2_P7_33",651,"F1_P7_13","F1_P7_11",197,195
"652","F2_P7_34",652,"F1_P7_13","F1_P7_19",197,203
"653","F2_P7_35",653,"F1_P7_3","F1_P7_12",206,196
"654","F2_P7_36",654,"F1_P7_8","F1_P7_17",211,201
"655","F2_P7_37",655,"F1_P7_13","F1_P7_17",197,201
"656","F2_P7_38",656,"F1_P7_13","F1_P7_17",197,201
"657","F2_P7_39",657,"F1_P7_3","F1_P7_2",206,204
"658","F2_P7_4",658,"F1_P7_5","F1_P7_20",208,205
"659","F2_P7_40",659,"F1_P7_3","F1_P7_10",206,194
"660","F2_P7_41",660,"F1_P7_3","F1_P7_17",206,201
"661","F2_P7_42",661,"F1_P7_3","F1_P7_11",206,195
"662","F2_P7_43",662,"F1_P7_3","F1_P7_17",206,201
"663","F2_P7_44",663,"F1_P7_5","F1_P7_19",208,203
"664","F2_P7_45",664,"F1_P7_8","F1_P7_17",211,201
"665","F2_P7_46",665,"F1_P7_13","F1_P7_17",197,201
"666","F2_P7_47",666,"F1_P7_8","F1_P7_2",211,204
"667","F2_P7_48",667,"F1_P7_13","F1_P7_15",197,199
"668","F2_P7_49",668,"F1_P7_3","F1_P7_17",206,201
"669","F2_P7_5",669,"F1_P7_3","F1_P7_17",206,201
"670","F2_P7_50",670,"F1_P7_18","F1_P7_17",202,201
"671","F2_P7_6",671,"F1_P7_13","F1_P7_12",197,196
"672","F2_P7_7",672,"F1_P7_13","F1_P7_16",197,200
"673","F2_P7_8",673,"F1_P7_13","F1_P7_15",197,199
"674","F2_P7_9",674,"F1_P7_8","F1_P7_2",211,204
"675","F2_P8_1",675,"F1_P8_19","F1_P8_30",223,236
"676","F2_P8_10",676,"F1_P8_19","F1_P8_17",223,221
"677","F2_P8_11",677,"F1_P8_25","F1_P8_29",230,234
"678","F2_P8_12",678,"F1_P8_8","F1_P8_5",242,239
"679","F2_P8_13",679,"F1_P8_8","F1_P8_5",242,239
"680","F2_P8_14",680,"F1_P8_26","F1_P8_29",231,234
"681","F2_P8_15",681,"F1_P8_18","F1_P8_9",222,243
"682","F2_P8_16",682,"F1_P8_4","F1_P8_29",238,234
"683","F2_P8_17",683,"F1_P8_19","F1_P8_17",223,221
"684","F2_P8_18",684,"F1_P8_22","F1_P8_15",227,219
"685","F2_P8_19",685,"F1_P8_26","F1_P8_23",231,228
"686","F2_P8_2",686,NA,NA,NA,NA
"687","F2_P8_20",687,"F1_P8_4","F1_P8_29",238,234
"688","F2_P8_21",688,"F1_P8_22","F1_P8_7",227,241
"689","F2_P8_22",689,"F1_P8_22","F1_P8_12",227,216
"690","F2_P8_23",690,"F1_P8_18","F1_P8_15",222,219
"691","F2_P8_24",691,"F1_P8_26","F1_P8_17",231,221
"692","F2_P8_25",692,"F1_P8_1","F1_P8_30",213,236
"693","F2_P8_26",693,"F1_P8_1","F1_P8_24",213,229
"694","F2_P8_27",694,"F1_P8_4","F1_P8_29",238,234
"695","F2_P8_28",695,"F1_P8_20","F1_P8_12",225,216
"696","F2_P8_29",696,"F1_P8_10","F1_P8_13",214,217
"697","F2_P8_3",697,"F1_P8_19","F1_P8_17",223,221
"698","F2_P8_30",698,"F1_P8_28","F1_P8_24",233,229
"699","F2_P8_31",699,"F1_P8_8","F1_P8_5",242,239
"700","F2_P8_32",700,"F1_P8_22","F1_P8_9",227,243
"701","F2_P8_33",701,"F1_P8_10","F1_P8_24",214,229
"702","F2_P8_34",702,"F1_P8_4","F1_P8_15",238,219
"703","F2_P8_35",703,"F1_P8_22","F1_P8_24",227,229
"704","F2_P8_36",704,"F1_P8_2","F1_P8_24",224,229
"705","F2_P8_37",705,"F1_P8_11","F1_P8_13",215,217
"706","F2_P8_38",706,"F1_P8_3","F1_P8_14",235,218
"707","F2_P8_39",707,"F1_P8_19","F1_P8_17",223,221
"708","F2_P8_4",708,"F1_P8_19","F1_P8_29",223,234
"709","F2_P8_40",709,"F1_P8_3","F1_P8_15",235,219
"710","F2_P8_41",710,"F1_P8_22","F1_P8_14",227,218
"711","F2_P8_42",711,"F1_P8_27","F1_P8_15",232,219
"712","F2_P8_43",712,"F1_P8_19","F1_P8_7",223,241
"713","F2_P8_44",713,"F1_P8_26","F1_P8_7",231,241
"714","F2_P8_45",714,"F1_P8_8","F1_P8_5",242,239
"715","F2_P8_46",715,"F1_P8_25","F1_P8_9",230,243
"716","F2_P8_47",716,"F1_P8_22","F1_P8_30",227,236
"717","F2_P8_48",717,"F1_P8_19","F1_P8_17",223,221
"718","F2_P8_49",718,"F1_P8_19","F1_P8_17",223,221
"719","F2_P8_5",719,"F1_P8_26","F1_P8_23",231,228
"720","F2_P8_50",720,"F1_P8_25","F1_P8_29",230,234
"721","F2_P8_6",721,"F1_P8_3","F1_P8_29",235,234
"722","F2_P8_7",722,"F1_P8_25","F1_P8_29",230,234
"723","F2_P8_8",723,"F1_P8_19","F1_P8_15",223,219
"724","F2_P8_9",724,"F1_P8_25","F1_P8_30",230,236
"725","F2_P9_1",725,"F1_P9_7","F1_P9_8",272,273
"726","F2_P9_10",726,"F1_P9_14","F1_P9_28",249,264
"727","F2_P9_11",727,"F1_P9_7","F1_P9_19",272,254
"728","F2_P9_12",728,"F1_P9_30","F1_P9_25",267,261
"729","F2_P9_13",729,"F1_P9_14","F1_P9_25",249,261
"730","F2_P9_14",730,"F1_P9_30","F1_P9_8",267,273
"731","F2_P9_15",731,"F1_P9_30","F1_P9_25",267,261
"732","F2_P9_16",732,"F1_P9_14","F1_P9_25",249,261
"733","F2_P9_2",733,"F1_P9_14","F1_P9_21",249,257
"734","F2_P9_3",734,"F1_P9_14","F1_P9_25",249,261
"735","F2_P9_38",735,"F1_P9_7","F1_P9_25",272,261
"736","F2_P9_39",736,"F1_P9_30","F1_P9_28",267,264
"737","F2_P9_4",737,"F1_P9_7","F1_P9_8",272,273
"738","F2_P9_40",738,"F1_P9_30","F1_P9_10",267,245
"739","F2_P9_41",739,"F1_P9_7","F1_P9_9",272,274
"740","F2_P9_42",740,"F1_P9_14","F1_P9_9",249,274
"741","F2_P9_43",741,"F1_P9_7","F1_P9_19",272,254
"742","F2_P9_44",742,"F1_P9_30","F1_P9_19",267,254
"743","F2_P9_45",743,"F1_P9_30","F1_P9_11",267,246
"744","F2_P9_46",744,"F1_P9_30","F1_P9_8",267,273
"745","F2_P9_47",745,"F1_P9_14","F1_P9_28",249,264
"746","F2_P9_48",746,"F1_P9_7","F1_P9_9",272,274
"747","F2_P9_49",747,"F1_P9_14","F1_P9_28",249,264
"748","F2_P9_5",748,"F1_P9_14","F1_P9_21",249,257
"749","F2_P9_50",749,"F1_P9_30","F1_P9_28",267,264
"750","F2_P9_6",750,"F1_P9_14","F1_P9_9",249,274
"751","F2_P9_7",751,"F1_P9_30","F1_P9_28",267,264
"752","F2_P9_8",752,"F1_P9_30","F1_P9_25",267,261
"753","F2_P9_9",753,"F1_P9_7","F1_P9_8",272,273
"754","F3_P10_100",754,"0","0",NA,NA
"755","F3_P10_51",755,"0","0",NA,NA
"756","F3_P10_52",756,"0","0",NA,NA
"757","F3_P10_54",757,"0","0",NA,NA
"758","F3_P10_55",758,"0","0",NA,NA
"759","F3_P10_56",759,"0","0",NA,NA
"760","F3_P10_57",760,"0","0",NA,NA
"761","F3_P10_58",761,"0","0",NA,NA
"762","F3_P10_59",762,"0","0",NA,NA
"763","F3_P10_60",763,"0","0",NA,NA
"764","F3_P10_61",764,"0","0",NA,NA
"765","F3_P10_62",765,"0","0",NA,NA
"766","F3_P10_63",766,"0","0",NA,NA
"767","F3_P10_64",767,"0","0",NA,NA
"768","F3_P10_65",768,"0","0",NA,NA
"769","F3_P10_66",769,"0","0",NA,NA
"770","F3_P10_67",770,"0","0",NA,NA
"771","F3_P10_68",771,"0","0",NA,NA
"772","F3_P10_69",772,"0","0",NA,NA
"773","F3_P10_70",773,"0","0",NA,NA
"774","F3_P10_71",774,"0","0",NA,NA
"775","F3_P10_72",775,"0","0",NA,NA
"776","F3_P10_73",776,"0","0",NA,NA
"777","F3_P10_74",777,"0","0",NA,NA
"778","F3_P10_75",778,"0","0",NA,NA
"779","F3_P10_76",779,"0","0",NA,NA
"780","F3_P10_77",780,"0","0",NA,NA
"781","F3_P10_78",781,"0","0",NA,NA
"782","F3_P10_79",782,"0","0",NA,NA
"783","F3_P10_80",783,"0","0",NA,NA
"784","F3_P10_81",784,"0","0",NA,NA
"785","F3_P10_82",785,"0","0",NA,NA
"786","F3_P10_83",786,"0","0",NA,NA
"787","F3_P10_84",787,"0","0",NA,NA
"788","F3_P10_85",788,"0","0",NA,NA
"789","F3_P10_86",789,"0","0",NA,NA
"790","F3_P10_87",790,"0","0",NA,NA
"791","F3_P10_88",791,"0","0",NA,NA
"792","F3_P10_89",792,"0","0",NA,NA
"793","F3_P10_90",793,"0","0",NA,NA
"794","F3_P10_91",794,"0","0",NA,NA
"795","F3_P10_92",795,"0","0",NA,NA
"796","F3_P10_93",796,"0","0",NA,NA
"797","F3_P10_94",797,"0","0",NA,NA
"798","F3_P10_95",798,"0","0",NA,NA
"799","F3_P10_96",799,"0","0",NA,NA
"800","F3_P10_97",800,"0","0",NA,NA
"801","F3_P10_98",801,"0","0",NA,NA
"802","F3_P10_99",802,"0","0",NA,NA
"803","F3_P11_100",803,"0","0",NA,NA
"804","F3_P11_51",804,"0","0",NA,NA
"805","F3_P11_52",805,"0","0",NA,NA
"806","F3_P11_53",806,"0","0",NA,NA
"807","F3_P11_54",807,"0","0",NA,NA
"808","F3_P11_55",808,"0","0",NA,NA
"809","F3_P11_56",809,"0","0",NA,NA
"810","F3_P11_57",810,"0","0",NA,NA
"811","F3_P11_58",811,"0","0",NA,NA
"812","F3_P11_59",812,"0","0",NA,NA
"813","F3_P11_60",813,"0","0",NA,NA
"814","F3_P11_61",814,"0","0",NA,NA
"815","F3_P11_62",815,"0","0",NA,NA
"816","F3_P11_63",816,"0","0",NA,NA
"817","F3_P11_64",817,"0","0",NA,NA
"818","F3_P11_65",818,"0","0",NA,NA
"819","F3_P11_66",819,"0","0",NA,NA
"820","F3_P11_67",820,"0","0",NA,NA
"821","F3_P11_68",821,"0","0",NA,NA
"822","F3_P11_69",822,"0","0",NA,NA
"823","F3_P11_70",823,"0","0",NA,NA
"824","F3_P11_71",824,"0","0",NA,NA
"825","F3_P11_72",825,"0","0",NA,NA
"826","F3_P11_73",826,"0","0",NA,NA
"827","F3_P11_74",827,"0","0",NA,NA
"828","F3_P11_75",828,"0","0",NA,NA
"829","F3_P11_76",829,"0","0",NA,NA
"830","F3_P11_77",830,"0","0",NA,NA
"831","F3_P11_78",831,"0","0",NA,NA
"832","F3_P11_79",832,"0","0",NA,NA
"833","F3_P11_80",833,"0","0",NA,NA
"834","F3_P11_81",834,"0","0",NA,NA
"835","F3_P11_82",835,"0","0",NA,NA
"836","F3_P11_83",836,"0","0",NA,NA
"837","F3_P11_84",837,"0","0",NA,NA
"838","F3_P11_85",838,"0","0",NA,NA
"839","F3_P11_86",839,"0","0",NA,NA
"840","F3_P11_87",840,"0","0",NA,NA
"841","F3_P11_88",841,"0","0",NA,NA
"842","F3_P11_89",842,"0","0",NA,NA
"843","F3_P11_90",843,"0","0",NA,NA
"844","F3_P11_91",844,"0","0",NA,NA
"845","F3_P11_92",845,"0","0",NA,NA
"846","F3_P11_93",846,"0","0",NA,NA
"847","F3_P11_94",847,"0","0",NA,NA
"848","F3_P11_95",848,"0","0",NA,NA
"849","F3_P11_96",849,"0","0",NA,NA
"850","F3_P11_97",850,"0","0",NA,NA
"851","F3_P11_98",851,"0","0",NA,NA
"852","F3_P11_99",852,"0","0",NA,NA
"853","F3_P12_100",853,"0","0",NA,NA
"854","F3_P12_51",854,"0","0",NA,NA
"855","F3_P12_52",855,"0","0",NA,NA
"856","F3_P12_53",856,"0","0",NA,NA
"857","F3_P12_54",857,"0","0",NA,NA
"858","F3_P12_55",858,"0","0",NA,NA
"859","F3_P12_56",859,"0","0",NA,NA
"860","F3_P12_57",860,"0","0",NA,NA
"861","F3_P12_58",861,"0","0",NA,NA
"862","F3_P12_59",862,"0","0",NA,NA
"863","F3_P12_60",863,"0","0",NA,NA
"864","F3_P12_61",864,"0","0",NA,NA
"865","F3_P12_62",865,"0","0",NA,NA
"866","F3_P12_63",866,"0","0",NA,NA
"867","F3_P12_64",867,"0","0",NA,NA
"868","F3_P12_65",868,"0","0",NA,NA
"869","F3_P12_66",869,"0","0",NA,NA
"870","F3_P12_67",870,"0","0",NA,NA
"871","F3_P12_68",871,"0","0",NA,NA
"872","F3_P12_69",872,"0","0",NA,NA
"873","F3_P12_70",873,"0","0",NA,NA
"874","F3_P12_71",874,"0","0",NA,NA
"875","F3_P12_72",875,"0","0",NA,NA
"876","F3_P12_73",876,"0","0",NA,NA
"877","F3_P12_74",877,"0","0",NA,NA
"878","F3_P12_75",878,"0","0",NA,NA
"879","F3_P12_76",879,"0","0",NA,NA
"880","F3_P12_77",880,"0","0",NA,NA
"881","F3_P12_78",881,NA,NA,NA,NA
"882","F3_P12_79",882,"0","0",NA,NA
"883","F3_P12_80",883,"0","0",NA,NA
"884","F3_P12_81",884,"0","0",NA,NA
"885","F3_P12_82",885,"0","0",NA,NA
"886","F3_P12_83",886,"0","0",NA,NA
"887","F3_P12_84",887,"0","0",NA,NA
"888","F3_P12_85",888,"0","0",NA,NA
"889","F3_P12_86",889,"0","0",NA,NA
"890","F3_P12_87",890,"0","0",NA,NA
"891","F3_P12_88",891,"0","0",NA,NA
"892","F3_P12_89",892,"0","0",NA,NA
"893","F3_P12_90",893,"0","0",NA,NA
"894","F3_P12_91",894,"0","0",NA,NA
"895","F3_P12_92",895,"0","0",NA,NA
"896","F3_P12_93",896,"0","0",NA,NA
"897","F3_P12_94",897,"0","0",NA,NA
"898","F3_P12_95",898,"0","0",NA,NA
"899","F3_P12_96",899,"0","0",NA,NA
"900","F3_P12_97",900,"0","0",NA,NA
"901","F3_P12_98",901,"0","0",NA,NA
"902","F3_P12_99",902,"0","0",NA,NA
"903","F3_P13_100",903,"0","0",NA,NA
"904","F3_P13_51",904,"0","0",NA,NA
"905","F3_P13_52",905,"0","0",NA,NA
"906","F3_P13_53",906,"0","0",NA,NA
"907","F3_P13_54",907,"0","0",NA,NA
"908","F3_P13_55",908,"0","0",NA,NA
"909","F3_P13_56",909,"0","0",NA,NA
"910","F3_P13_57",910,"0","0",NA,NA
"911","F3_P13_58",911,"0","0",NA,NA
"912","F3_P13_59",912,"0","0",NA,NA
"913","F3_P13_60",913,"0","0",NA,NA
"914","F3_P13_61",914,"0","0",NA,NA
"915","F3_P13_62",915,"0","0",NA,NA
"916","F3_P13_63",916,"0","0",NA,NA
"917","F3_P13_64",917,"0","0",NA,NA
"918","F3_P13_65",918,"0","0",NA,NA
"919","F3_P13_66",919,"0","0",NA,NA
"920","F3_P13_67",920,"0","0",NA,NA
"921","F3_P13_68",921,"0","0",NA,NA
"922","F3_P13_69",922,"0","0",NA,NA
"923","F3_P13_70",923,"0","0",NA,NA
"924","F3_P13_71",924,"0","0",NA,NA
"925","F3_P13_72",925,"0","0",NA,NA
"926","F3_P13_73",926,"0","0",NA,NA
"927","F3_P13_74",927,"0","0",NA,NA
"928","F3_P13_75",928,"0","0",NA,NA
"929","F3_P13_76",929,"0","0",NA,NA
"930","F3_P13_77",930,"0","0",NA,NA
"931","F3_P13_78",931,"0","0",NA,NA
"932","F3_P13_79",932,"0","0",NA,NA
"933","F3_P13_80",933,"0","0",NA,NA
"934","F3_P13_81",934,"0","0",NA,NA
"935","F3_P13_82",935,"0","0",NA,NA
"936","F3_P13_83",936,"0","0",NA,NA
"937","F3_P13_84",937,"0","0",NA,NA
"938","F3_P13_85",938,"0","0",NA,NA
"939","F3_P13_86",939,"0","0",NA,NA
"940","F3_P13_87",940,"0","0",NA,NA
"941","F3_P13_88",941,"0","0",NA,NA
"942","F3_P13_89",942,"0","0",NA,NA
"943","F3_P13_90",943,"0","0",NA,NA
"944","F3_P13_91",944,"0","0",NA,NA
"945","F3_P13_92",945,"0","0",NA,NA
"946","F3_P13_93",946,"0","0",NA,NA
"947","F3_P13_94",947,"0","0",NA,NA
"948","F3_P13_95",948,"0","0",NA,NA
"949","F3_P13_96",949,"0","0",NA,NA
"950","F3_P13_97",950,"0","0",NA,NA
"951","F3_P13_98",951,"0","0",NA,NA
"952","F3_P13_99",952,"0","0",NA,NA
"953","F3_P14_100",953,"0","0",NA,NA
"954","F3_P14_51",954,"0","0",NA,NA
"955","F3_P14_52",955,"0","0",NA,NA
"956","F3_P14_53",956,"0","0",NA,NA
"957","F3_P14_54",957,"0","0",NA,NA
"958","F3_P14_55",958,"0","0",NA,NA
"959","F3_P14_56",959,"0","0",NA,NA
"960","F3_P14_57",960,"0","0",NA,NA
"961","F3_P14_58",961,"0","0",NA,NA
"962","F3_P14_59",962,"0","0",NA,NA
"963","F3_P14_60",963,"0","0",NA,NA
"964","F3_P14_61",964,"0","0",NA,NA
"965","F3_P14_62",965,"0","0",NA,NA
"966","F3_P14_63",966,"0","0",NA,NA
"967","F3_P14_64",967,"0","0",NA,NA
"968","F3_P14_65",968,"0","0",NA,NA
"969","F3_P14_66",969,"0","0",NA,NA
"970","F3_P14_67",970,"0","0",NA,NA
"971","F3_P14_68",971,"0","0",NA,NA
"972","F3_P14_69",972,"0","0",NA,NA
"973","F3_P14_70",973,"0","0",NA,NA
"974","F3_P14_71",974,"0","0",NA,NA
"975","F3_P14_72",975,"0","0",NA,NA
"976","F3_P14_73",976,"0","0",NA,NA
"977","F3_P14_74",977,"0","0",NA,NA
"978","F3_P14_75",978,"0","0",NA,NA
"979","F3_P14_76",979,"0","0",NA,NA
"980","F3_P14_77",980,"0","0",NA,NA
"981","F3_P14_78",981,"0","0",NA,NA
"982","F3_P14_79",982,"0","0",NA,NA
"983","F3_P14_80",983,"0","0",NA,NA
"984","F3_P14_81",984,"0","0",NA,NA
"985","F3_P14_82",985,"0","0",NA,NA
"986","F3_P14_83",986,"0","0",NA,NA
"987","F3_P14_84",987,"0","0",NA,NA
"988","F3_P14_85",988,"0","0",NA,NA
"989","F3_P14_86",989,"0","0",NA,NA
"990","F3_P14_87",990,"0","0",NA,NA
"991","F3_P14_88",991,"0","0",NA,NA
"992","F3_P14_89",992,"0","0",NA,NA
"993","F3_P14_90",993,"0","0",NA,NA
"994","F3_P14_91",994,"0","0",NA,NA
"995","F3_P14_92",995,"0","0",NA,NA
"996","F3_P14_93",996,"0","0",NA,NA
"997","F3_P14_94",997,"0","0",NA,NA
"998","F3_P14_95",998,"0","0",NA,NA
"999","F3_P14_96",999,"0","0",NA,NA
"1000","F3_P14_97",1000,"0","0",NA,NA
"1001","F3_P14_98",1001,"0","0",NA,NA
"1002","F3_P14_99",1002,"0","0",NA,NA
"1003","F3_P5_100",1003,"0","0",NA,NA
"1004","F3_P5_51",1004,"0","0",NA,NA
"1005","F3_P5_52",1005,"0","0",NA,NA
"1006","F3_P5_53",1006,"0","0",NA,NA
"1007","F3_P5_54",1007,"0","0",NA,NA
"1008","F3_P5_55",1008,"0","0",NA,NA
"1009","F3_P5_56",1009,"0","0",NA,NA
"1010","F3_P5_57",1010,"0","0",NA,NA
"1011","F3_P5_58",1011,"0","0",NA,NA
"1012","F3_P5_59",1012,"0","0",NA,NA
"1013","F3_P5_60",1013,"0","0",NA,NA
"1014","F3_P5_61",1014,"0","0",NA,NA
"1015","F3_P5_62",1015,"0","0",NA,NA
"1016","F3_P5_63",1016,"0","0",NA,NA
"1017","F3_P5_64",1017,"0","0",NA,NA
"1018","F3_P5_65",1018,"0","0",NA,NA
"1019","F3_P5_66",1019,"0","0",NA,NA
"1020","F3_P5_67",1020,"0","0",NA,NA
"1021","F3_P5_68",1021,"0","0",NA,NA
"1022","F3_P5_69",1022,"0","0",NA,NA
"1023","F3_P5_70",1023,"0","0",NA,NA
"1024","F3_P5_71",1024,"0","0",NA,NA
"1025","F3_P5_72",1025,"0","0",NA,NA
"1026","F3_P5_73",1026,"0","0",NA,NA
"1027","F3_P5_74",1027,"0","0",NA,NA
"1028","F3_P5_75",1028,"0","0",NA,NA
"1029","F3_P5_76",1029,"0","0",NA,NA
"1030","F3_P5_77",1030,"0","0",NA,NA
"1031","F3_P5_78",1031,"0","0",NA,NA
"1032","F3_P5_79",1032,"0","0",NA,NA
"1033","F3_P5_80",1033,"0","0",NA,NA
"1034","F3_P5_81",1034,"0","0",NA,NA
"1035","F3_P5_82",1035,"0","0",NA,NA
"1036","F3_P5_83",1036,"0","0",NA,NA
"1037","F3_P5_84",1037,"0","0",NA,NA
"1038","F3_P5_85",1038,"0","0",NA,NA
"1039","F3_P5_86",1039,"0","0",NA,NA
"1040","F3_P5_87",1040,"0","0",NA,NA
"1041","F3_P5_88",1041,"0","0",NA,NA
"1042","F3_P5_89",1042,"0","0",NA,NA
"1043","F3_P5_90",1043,"0","0",NA,NA
"1044","F3_P5_91",1044,"0","0",NA,NA
"1045","F3_P5_92",1045,"0","0",NA,NA
"1046","F3_P5_93",1046,"0","0",NA,NA
"1047","F3_P5_94",1047,"0","0",NA,NA
"1048","F3_P5_95",1048,"0","0",NA,NA
"1049","F3_P5_96",1049,"0","0",NA,NA
"1050","F3_P5_97",1050,"0","0",NA,NA
"1051","F3_P5_98",1051,"0","0",NA,NA
"1052","F3_P5_99",1052,"0","0",NA,NA
"1053","F3_P6_100",1053,"0","0",NA,NA
"1054","F3_P6_51",1054,"0","0",NA,NA
"1055","F3_P6_52",1055,"0","0",NA,NA
"1056","F3_P6_53",1056,"0","0",NA,NA
"1057","F3_P6_54",1057,"0","0",NA,NA
"1058","F3_P6_55",1058,"0","0",NA,NA
"1059","F3_P6_56",1059,"0","0",NA,NA
"1060","F3_P6_57",1060,"0","0",NA,NA
"1061","F3_P6_58",1061,"0","0",NA,NA
"1062","F3_P6_59",1062,"0","0",NA,NA
"1063","F3_P6_60",1063,"0","0",NA,NA
"1064","F3_P6_61",1064,"0","0",NA,NA
"1065","F3_P6_62",1065,"0","0",NA,NA
"1066","F3_P6_63",1066,"0","0",NA,NA
"1067","F3_P6_64",1067,"0","0",NA,NA
"1068","F3_P6_65",1068,"0","0",NA,NA
"1069","F3_P6_66",1069,"0","0",NA,NA
"1070","F3_P6_67",1070,"0","0",NA,NA
"1071","F3_P6_68",1071,"0","0",NA,NA
"1072","F3_P6_69",1072,"0","0",NA,NA
"1073","F3_P6_70",1073,"0","0",NA,NA
"1074","F3_P6_71",1074,"0","0",NA,NA
"1075","F3_P6_72",1075,"0","0",NA,NA
"1076","F3_P6_73",1076,"0","0",NA,NA
"1077","F3_P6_74",1077,"0","0",NA,NA
"1078","F3_P6_75",1078,"0","0",NA,NA
"1079","F3_P6_76",1079,"0","0",NA,NA
"1080","F3_P6_77",1080,"0","0",NA,NA
"1081","F3_P6_78",1081,"0","0",NA,NA
"1082","F3_P6_79",1082,"0","0",NA,NA
"1083","F3_P6_80",1083,"0","0",NA,NA
"1084","F3_P6_81",1084,"0","0",NA,NA
"1085","F3_P6_82",1085,"0","0",NA,NA
"1086","F3_P6_83",1086,"0","0",NA,NA
"1087","F3_P6_84",1087,"0","0",NA,NA
"1088","F3_P6_85",1088,"0","0",NA,NA
"1089","F3_P6_86",1089,"0","0",NA,NA
"1090","F3_P6_87",1090,"0","0",NA,NA
"1091","F3_P6_88",1091,"0","0",NA,NA
"1092","F3_P6_89",1092,"0","0",NA,NA
"1093","F3_P6_90",1093,"0","0",NA,NA
"1094","F3_P6_91",1094,"0","0",NA,NA
"1095","F3_P6_92",1095,"0","0",NA,NA
"1096","F3_P6_93",1096,"0","0",NA,NA
"1097","F3_P6_94",1097,"0","0",NA,NA
"1098","F3_P6_95",1098,"0","0",NA,NA
"1099","F3_P6_96",1099,"0","0",NA,NA
"1100","F3_P6_97",1100,"0","0",NA,NA
"1101","F3_P6_98",1101,"0","0",NA,NA
"1102","F3_P6_99",1102,"0","0",NA,NA
"1103","F3_P7_100",1103,"0","0",NA,NA
"1104","F3_P7_51",1104,"0","0",NA,NA
"1105","F3_P7_52",1105,"0","0",NA,NA
"1106","F3_P7_53",1106,"0","0",NA,NA
"1107","F3_P7_54",1107,"0","0",NA,NA
"1108","F3_P7_55",1108,"0","0",NA,NA
"1109","F3_P7_56",1109,"0","0",NA,NA
"1110","F3_P7_57",1110,"0","0",NA,NA
"1111","F3_P7_58",1111,"0","0",NA,NA
"1112","F3_P7_59",1112,"0","0",NA,NA
"1113","F3_P7_60",1113,"0","0",NA,NA
"1114","F3_P7_61",1114,"0","0",NA,NA
"1115","F3_P7_62",1115,"0","0",NA,NA
"1116","F3_P7_63",1116,"0","0",NA,NA
"1117","F3_P7_64",1117,"0","0",NA,NA
"1118","F3_P7_65",1118,"0","0",NA,NA
"1119","F3_P7_66",1119,"0","0",NA,NA
"1120","F3_P7_67",1120,"0","0",NA,NA
"1121","F3_P7_68",1121,"0","0",NA,NA
"1122","F3_P7_69",1122,"0","0",NA,NA
"1123","F3_P7_70",1123,"0","0",NA,NA
"1124","F3_P7_71",1124,"0","0",NA,NA
"1125","F3_P7_72",1125,"0","0",NA,NA
"1126","F3_P7_73",1126,"0","0",NA,NA
"1127","F3_P7_74",1127,"0","0",NA,NA
"1128","F3_P7_75",1128,"0","0",NA,NA
"1129","F3_P7_76",1129,"0","0",NA,NA
"1130","F3_P7_77",1130,"0","0",NA,NA
"1131","F3_P7_78",1131,"0","0",NA,NA
"1132","F3_P7_79",1132,"0","0",NA,NA
"1133","F3_P7_80",1133,"0","0",NA,NA
"1134","F3_P7_81",1134,"0","0",NA,NA
"1135","F3_P7_82",1135,"0","0",NA,NA
"1136","F3_P7_83",1136,"0","0",NA,NA
"1137","F3_P7_84",1137,"0","0",NA,NA
"1138","F3_P7_85",1138,"0","0",NA,NA
"1139","F3_P7_86",1139,"0","0",NA,NA
"1140","F3_P7_87",1140,"0","0",NA,NA
"1141","F3_P7_88",1141,"0","0",NA,NA
"1142","F3_P7_89",1142,"0","0",NA,NA
"1143","F3_P7_90",1143,"0","0",NA,NA
"1144","F3_P7_91",1144,"0","0",NA,NA
"1145","F3_P7_92",1145,"0","0",NA,NA
"1146","F3_P7_93",1146,"0","0",NA,NA
"1147","F3_P7_94",1147,"0","0",NA,NA
"1148","F3_P7_95",1148,"0","0",NA,NA
"1149","F3_P7_96",1149,"0","0",NA,NA
"1150","F3_P7_97",1150,"0","0",NA,NA
"1151","F3_P7_98",1151,"0","0",NA,NA
"1152","F3_P7_99",1152,"0","0",NA,NA
"1153","F3_P8_100",1153,"0","0",NA,NA
"1154","F3_P8_51",1154,"0","0",NA,NA
"1155","F3_P8_52",1155,"0","0",NA,NA
"1156","F3_P8_53",1156,"0","0",NA,NA
"1157","F3_P8_54",1157,"0","0",NA,NA
"1158","F3_P8_55",1158,"0","0",NA,NA
"1159","F3_P8_56",1159,"0","0",NA,NA
"1160","F3_P8_57",1160,"0","0",NA,NA
"1161","F3_P8_58",1161,"0","0",NA,NA
"1162","F3_P8_59",1162,"0","0",NA,NA
"1163","F3_P8_60",1163,"0","0",NA,NA
"1164","F3_P8_61",1164,"0","0",NA,NA
"1165","F3_P8_62",1165,"0","0",NA,NA
"1166","F3_P8_63",1166,"0","0",NA,NA
"1167","F3_P8_64",1167,"0","0",NA,NA
"1168","F3_P8_65",1168,"0","0",NA,NA
"1169","F3_P8_66",1169,"0","0",NA,NA
"1170","F3_P8_67",1170,"0","0",NA,NA
"1171","F3_P8_68",1171,NA,NA,NA,NA
"1172","F3_P8_69",1172,"0","0",NA,NA
"1173","F3_P8_70",1173,"0","0",NA,NA
"1174","F3_P8_71",1174,"0","0",NA,NA
"1175","F3_P8_72",1175,"0","0",NA,NA
"1176","F3_P8_73",1176,"0","0",NA,NA
"1177","F3_P8_74",1177,"0","0",NA,NA
"1178","F3_P8_75",1178,"0","0",NA,NA
"1179","F3_P8_76",1179,"0","0",NA,NA
"1180","F3_P8_77",1180,"0","0",NA,NA
"1181","F3_P8_78",1181,"0","0",NA,NA
"1182","F3_P8_79",1182,"0","0",NA,NA
"1183","F3_P8_80",1183,"0","0",NA,NA
"1184","F3_P8_81",1184,"0","0",NA,NA
"1185","F3_P8_82",1185,"0","0",NA,NA
"1186","F3_P8_83",1186,"0","0",NA,NA
"1187","F3_P8_84",1187,"0","0",NA,NA
"1188","F3_P8_85",1188,"0","0",NA,NA
"1189","F3_P8_86",1189,"0","0",NA,NA
"1190","F3_P8_87",1190,"0","0",NA,NA
"1191","F3_P8_88",1191,"0","0",NA,NA
"1192","F3_P8_89",1192,"0","0",NA,NA
"1193","F3_P8_90",1193,"0","0",NA,NA
"1194","F3_P8_91",1194,"0","0",NA,NA
"1195","F3_P8_92",1195,"0","0",NA,NA
"1196","F3_P8_93",1196,"0","0",NA,NA
"1197","F3_P8_94",1197,"0","0",NA,NA
"1198","F3_P8_95",1198,"0","0",NA,NA
"1199","F3_P8_96",1199,"0","0",NA,NA
"1200","F3_P8_97",1200,"0","0",NA,NA
"1201","F3_P8_98",1201,"0","0",NA,NA
"1202","F3_P8_99",1202,"0","0",NA,NA
"1203","F3_P9_100",1203,"0","0",NA,NA
"1204","F3_P9_51",1204,"0","0",NA,NA
"1205","F3_P9_52",1205,"0","0",NA,NA
"1206","F3_P9_53",1206,"0","0",NA,NA
"1207","F3_P9_54",1207,"0","0",NA,NA
"1208","F3_P9_55",1208,"0","0",NA,NA
"1209","F3_P9_56",1209,"0","0",NA,NA
"1210","F3_P9_57",1210,"0","0",NA,NA
"1211","F3_P9_58",1211,"0","0",NA,NA
"1212","F3_P9_59",1212,"0","0",NA,NA
"1213","F3_P9_60",1213,"0","0",NA,NA
"1214","F3_P9_61",1214,"0","0",NA,NA
"1215","F3_P9_62",1215,"0","0",NA,NA
"1216","F3_P9_63",1216,"0","0",NA,NA
"1217","F3_P9_64",1217,"0","0",NA,NA
"1218","F3_P9_65",1218,"0","0",NA,NA
"1219","F3_P9_66",1219,"0","0",NA,NA
"1220","F3_P9_67",1220,"0","0",NA,NA
"1221","F3_P9_68",1221,"0","0",NA,NA
"1222","F3_P9_69",1222,"0","0",NA,NA
"1223","F3_P9_70",1223,"0","0",NA,NA
"1224","F3_P9_71",1224,"0","0",NA,NA
"1225","F3_P9_72",1225,"0","0",NA,NA
"1226","F3_P9_73",1226,"0","0",NA,NA
"1227","F3_P9_74",1227,"0","0",NA,NA
"1228","F3_P9_75",1228,"0","0",NA,NA
"1229","F3_P9_76",1229,"0","0",NA,NA
"1230","F3_P9_77",1230,"0","0",NA,NA
"1231","F3_P9_78",1231,"0","0",NA,NA
"1232","F3_P9_79",1232,"0","0",NA,NA
"1233","F3_P9_80",1233,"0","0",NA,NA
"1234","F3_P9_81",1234,"0","0",NA,NA
"1235","F3_P9_82",1235,"0","0",NA,NA
"1236","F3_P9_83",1236,"0","0",NA,NA
"1237","F3_P9_84",1237,"0","0",NA,NA
"1238","F3_P9_85",1238,"0","0",NA,NA
"1239","F3_P9_86",1239,"0","0",NA,NA
"1240","F3_P9_87",1240,"0","0",NA,NA
"1241","F3_P9_88",1241,"0","0",NA,NA
"1242","F3_P9_89",1242,"0","0",NA,NA
"1243","F3_P9_90",1243,"0","0",NA,NA
"1244","F3_P9_91",1244,"0","0",NA,NA
"1245","F3_P9_92",1245,"0","0",NA,NA
"1246","F3_P9_93",1246,"0","0",NA,NA
"1247","F3_P9_94",1247,"0","0",NA,NA
"1248","F3_P9_95",1248,"0","0",NA,NA
"1249","F3_P9_96",1249,"0","0",NA,NA
"1250","F3_P9_97",1250,"0","0",NA,NA
"1251","F3_P9_98",1251,"0","0",NA,NA
"1252","F3_P9_99",1252,"0","0",NA,NA
"1253","Pa_FW1F",1253,"0","0",NA,NA
"1254","Pa_FW1M",1254,"0","0",NA,NA
"1255","Pa_FW2F",1255,"0","0",NA,NA
"1256","Pa_FW2M",1256,"0","0",NA,NA
"1257","Pa_FW4F",1257,"0","0",NA,NA
"1258","Pa_FW4M",1258,"0","0",NA,NA
"1259","Pa_FW6F",1259,"0","0",NA,NA
"1260","Pa_FW6M",1260,"0","0",NA,NA
